{"cameraMode":{"drawMode":0,"name":"Shaded","section":"Shading Mode"},"sceneLighting":true,"audioPlay":false,"sceneViewState":{"m_AlwaysRefresh":false,"showFog":true,"showSkybox":false,"showFlares":true,"showImageEffects":true,"showParticleSystems":true,"showVisualEffectGraphs":true,"m_FxEnabled":true},"in2DMode":false,"pivot":{"x":0.15287208557128907,"y":6.430000305175781,"z":0.11900043487548828},"rotation":{"x":0.13786643743515016,"y":-0.128866508603096,"z":0.018094388768076898,"w":0.9818692207336426},"size":10.43009090423584,"orthographic":true}