{"cameraMode":{"drawMode":0,"name":"Shaded","section":"Shading Mode"},"sceneLighting":false,"audioPlay":false,"sceneViewState":{"m_AlwaysRefresh":false,"showFog":true,"showSkybox":false,"showFlares":true,"showImageEffects":true,"showParticleSystems":true,"showVisualEffectGraphs":true,"m_FxEnabled":true},"in2DMode":false,"pivot":{"x":10.720000267028809,"y":6.763029205221437e-19,"z":-0.3045797646045685},"rotation":{"x":0.04007095471024513,"y":-0.9566745162010193,"z":0.24020718038082124,"w":0.15959081053733827},"size":0.8660253882408142,"orthographic":false}